1st_key,2nd_key,mean,std,mad,count
 , ,462.9233579420047,1149.538854632081,443.32394104843763,13139
 ,a,222.1628698741873,245.86153760872025,125.66325191774828,1050053
 ,b,299.7756165619296,316.51662444609974,178.61163970719505,427897
 ,c,303.09451653591464,299.3455605253067,172.7323162716503,418604
 ,d,303.46954674460534,316.1221348094251,185.37737991666253,295617
 ,e,318.1465087252208,331.0658300213703,190.33977744770817,210711
 ,f,293.81918601587415,344.9310523500811,180.49091268677574,398509
 ,g,321.40434581637123,316.29954385993017,196.8632988850622,246628
 ,h,280.65846430092,305.07567800324847,161.71788617600998,540210
 ,i,243.60755639439355,281.6302700890498,143.76924957273167,671299
 ,j,331.1545689615367,326.20632622604126,207.4736498099276,43314
 ,k,270.7428195962994,303.37712278595075,167.83827736386812,95120
 ,l,256.0404877615782,292.34562513845447,146.7731349722476,270378
 ,m,259.5810282871762,268.8947724387706,141.81511458396426,414923
 ,n,266.3582865540382,305.20987965082116,150.7973831199303,260621
 ,o,260.25845062400776,302.0154916348614,159.15082189371992,561852
 ,p,316.970596494612,320.1463174764496,189.47590940696642,352543
 ,q,456.5031878238693,455.9682465925507,266.05875432471095,36859
 ,r,316.02176435175403,331.7754379486277,186.60923303410027,250823
 ,s,269.9313878830608,279.16871745037326,157.79312140742178,584372
 ,t,229.26172118300667,265.62124794896425,137.21893277350608,1520431
 ,u,319.979310452151,368.99297114937224,194.60423840771094,128519
 ,v,396.50034849276875,380.43709255052687,235.37514232170815,57390
 ,w,258.68018354356644,301.8421793637822,157.64041344082474,755352
 ,x,558.058962264151,606.5091036904314,346.25725347098614,848
 ,y,284.48817105484846,273.9732639348322,165.1279644277896,326445
 ,z,453.6373008434864,407.5994113658694,259.0895722312644,1067
a, ,160.92620575651497,133.28547497694714,67.29300604243605,308520
a,a,264.5473008523624,569.298352199361,150.9611002175922,9503
a,b,231.85868802966732,232.14610689148333,133.38191689514838,84133
a,c,248.38022394508042,201.36567271070257,115.1535464984252,167809
a,d,230.76887031640427,187.77939066442036,108.10318922671229,163683
a,e,315.98819468415604,287.91619527208,164.1598205373323,14485
a,f,262.6904149562293,252.4724463383525,138.9158346649712,40438
a,g,252.02688448234528,233.0648347523177,135.910335659081,87597
a,h,234.40850612986227,252.9886706061669,148.32189224939017,13214
a,i,183.00375730587254,194.68734591250623,96.69098344417938,172464
a,j,322.72375583203734,329.40981771998304,207.40148754743632,5144
a,k,181.5273546125015,200.0161093640724,96.78876467778038,66168
a,l,170.73633740045298,180.8186601561152,83.50330765892755,328488
a,m,175.35815883936584,164.2046550714668,88.05765739153043,133720
a,n,160.93727370241456,177.52508421780058,76.34082519441708,685215
a,o,256.82836275106513,248.6873009849085,148.2552659820578,6572
a,p,226.1762114537445,226.4455089628967,128.1124780761102,61971
a,q,445.9001883239171,381.14380095023483,252.29854128762486,1062
a,r,198.34074416054708,192.8082776732247,103.42982307028616,415878
a,s,182.99828284791394,155.36199135687127,85.25717813116925,406487
a,t,193.29488683850178,191.1813830861609,96.52874548826051,479801
a,u,253.61967059922907,251.30900607609303,146.2702600101314,17122
a,v,205.45954353519696,239.46959527162358,107.29305518558455,187090
a,w,254.15140425531914,209.6255190086706,126.74164646446356,23500
a,x,379.7844490216272,269.22253717663244,177.37940638983667,9710
a,y,194.7985777894832,191.0704742030825,104.30189943227734,243002
a,z,443.77378400659524,354.93586176699716,228.8166695370094,6065
b, ,245.3278597493257,199.27375041528688,114.61206699065633,12606
b,a,161.13677204376026,149.20402691237933,71.1469371462491,117641
b,b,186.19291419209503,155.31043055497122,67.3451421044789,4883
b,c,317.208904109589,301.48458998675727,170.17070510414712,584
b,d,315.2704402515723,329.62541763441754,191.17575901413565,1749
b,e,159.9935331596109,119.5932152654268,64.56365803854767,293188
b,f,348.22289156626505,310.33185319777266,181.94200899985483,166
b,g,191.6424870466321,363.5698601969516,122.40165731518519,579
b,h,230.91752577319588,300.92696754342694,185.16186629822508,194
b,i,210.80508498384606,192.64122409979484,104.723237984978,35595
b,j,298.5072463768116,279.6008511720406,203.79290065112372,69
b,k,303.32850241545896,267.3047128286654,168.27657588275105,414
b,l,201.8608891075679,177.3544472506562,92.70578502139001,75199
b,m,274.4834710743802,225.39233138055764,159.36684652687663,242
b,n,163.13468414779499,337.53316071634174,167.8706388927166,839
b,o,188.36361928145513,201.97476397240933,91.43762243637923,79828
b,p,320.1177047572339,768.6193699702425,178.87011418583333,2039
b,q,166.31578947368422,79.15740481371344,60.29916897506926,19
b,r,259.90912178047125,224.95376296306677,121.3470846947772,38282
b,s,305.0109999172939,267.36577850400823,158.62079287209426,12091
b,t,324.26425313568984,285.09219217202684,169.6301156893057,3508
b,u,209.52715986456474,189.86863782639006,102.65895291628871,54934
b,v,394.02218501465046,382.66001340096676,268.34793802556396,2389
b,w,282.2590909090909,256.82416657463733,158.45194214876034,440
b,x,300.5,140.48534917682105,104.6875,16
b,y,198.11415268523723,159.1467263872949,86.49165368733581,37371
b,z,336.1666666666667,360.45497344160464,263.4166666666667,12
c, ,217.3547818012999,249.8224697444626,108.83112381016423,21540
c,a,161.97371662862534,122.57006032071459,64.93979014937365,215117
c,b,423.22727272727275,1279.4541750765243,345.896694214876,132
c,c,188.30859953772298,144.02625662061737,61.32075082938111,16873
c,d,295.48776223776224,484.3976252983011,186.35828769132965,572
c,e,187.51055539114137,155.89346590298044,77.13550647925726,223014
c,f,329.2977941176471,334.7255002940581,166.10677984429068,1088
c,g,322.246875,322.2734746740444,193.67371093749998,640
c,h,161.5721595749117,183.7372037405404,79.21662523491787,167871
c,i,196.85397723204696,199.9743774866333,102.85810623734154,83802
c,j,255.3819789939193,216.45369971882317,131.1322803707646,1809
c,k,167.16983758289302,165.61510543807697,87.70369085727033,112796
c,l,179.34426195895102,175.49760694640392,91.26735034709283,48771
c,m,266.2985449071751,241.61176848317683,141.34320044893704,1993
c,n,224.2380106571936,194.5384233484072,116.04775951501341,3941
c,o,148.91780040255603,159.8794882394011,76.34693855315918,255865
c,p,281.00064808814,306.63988879524146,173.9607476156615,1543
c,q,289.76190476190476,176.3056948188336,123.13378684807256,42
c,r,283.40851637764933,217.12602291677928,107.19912089426458,25950
c,s,254.59088817303268,273.97544790134754,130.24883156862376,4346
c,t,260.23611993970326,176.0153921161865,86.32470052372733,110122
c,u,221.7839326666194,233.44186223613423,125.63178827869103,42297
c,v,206.5970802919708,244.42304303823508,180.08627843784964,685
c,w,284.262996941896,285.1552337018473,155.49113898007087,327
c,x,187.15985130111525,265.32223527499747,180.5110211301668,269
c,y,233.24076983503534,210.3374008845109,117.19792981180834,7638
c,z,265.8333333333333,143.12342326018575,111.74074074074075,36
d, ,151.25029053256526,161.8298424487371,66.09898186668781,878559
d,a,165.5053749194515,131.73611035629477,66.77447069151131,166049
d,b,351.8659855769231,608.7356607750263,199.86795820428068,1664
d,c,324.13161953727507,472.6897578253441,172.86572835231067,1945
d,d,186.33684028228774,138.54223591974548,56.35498436618185,23097
d,e,202.44735030970406,153.67631003471232,62.45699570417187,193249
d,f,293.54281891168597,273.9340383748593,170.7297824120015,2242
d,g,297.36059539052496,238.45220533810183,146.5013490616613,6248
d,h,321.0051223676722,663.0576386756223,216.12363457787683,1757
d,i,176.86156762014016,200.88595681113526,88.94450743810802,160396
d,j,396.71153846153845,609.511195055729,277.22164694280076,156
d,k,236.6051401869159,335.376234142864,162.10102410690888,428
d,l,206.4969382609322,267.4364682722808,115.08142549844041,13881
d,m,326.65674567813227,400.31554552366606,188.30700630343287,5611
d,n,288.1093120515674,371.28043917534086,207.65452209293696,26063
d,o,155.7934254662552,179.7102938113894,78.13557760462817,149060
d,p,321.17349726775956,377.1338359068796,214.03765042252678,732
d,q,324.3970588235294,264.8913119666243,176.2902249134948,68
d,r,256.3400696363832,208.16770995803992,100.98073639612694,27859
d,s,210.3324852954906,199.46016229234547,109.56487012161838,42844
d,t,354.81118240146657,636.0718720708437,199.80694250629338,3273
d,u,211.4939337666357,204.65726744679966,114.89154030404733,32310
d,v,340.0549763033175,275.5055481929186,155.90993935446193,8440
d,w,346.2353495383456,303.6221201258352,170.9243597441565,5307
d,x,183.8469387755102,345.60991514153716,172.66513952519782,98
d,y,228.32454784078243,232.78279099300943,117.99869682880957,27811
d,z,281.77777777777777,221.46375424534924,166.14814814814815,9
e, ,147.51028631806216,157.62883394711878,63.26843716638177,2225043
e,a,177.36018510013588,150.1105949451323,78.85717574099345,315721
e,b,328.67143604955504,299.3953224101398,180.75967819864118,11462
e,c,284.5988507667123,246.20499162957637,122.69304368665249,149665
e,d,218.95355775827827,145.29510258740672,69.26288312855846,443088
e,e,183.48824067797668,120.42977579832099,47.70682827933524,320129
e,f,276.4692606598897,234.62155763328423,135.50043951099937,57646
e,g,314.73778816469024,295.1553407922501,164.67944056844078,34659
e,h,243.43344874014232,275.90119570932865,161.66893828732432,10398
e,i,225.6952312022517,246.8382634117064,133.53976152231252,62175
e,j,354.37683823529414,509.5700201438418,255.69329179282008,544
e,k,183.25296511882357,199.43110953252662,104.67975307078748,68547
e,l,193.93408950491357,210.95261979163146,98.84833346988307,171566
e,m,202.61261917560188,200.35746403944086,110.49611262583132,141388
e,n,179.41517849736573,189.47300657002086,89.08869401301372,421939
e,o,247.97562137695544,248.61020827270175,148.9192316100634,25186
e,p,234.45501618122978,304.84409745927076,133.2174597521454,57165
e,q,391.8643742953777,415.6610174040437,216.10986009870751,8870
e,r,141.24498683146888,145.81929115663127,65.66614028814107,728631
e,s,216.6011717788164,181.65896696610207,88.9720663532965,434553
e,t,203.19523949289427,180.6483074288498,92.41512776463541,316857
e,u,350.1281365531346,359.77821163743863,204.02860623341354,12713
e,v,278.78895817553615,248.29767700634196,131.67079978708134,96379
e,w,209.6080149415481,220.12061770036902,121.97044880760379,43369
e,x,328.97443430977023,287.9363899171442,154.17270236801997,68412
e,y,189.2394855426211,224.83301985727576,100.0704402327374,63912
e,z,439.4307270233196,342.31683628755786,236.91643663172394,1458
f, ,131.6778194427974,145.98046504771276,49.87923733155883,244543
f,a,180.80639677393847,135.805066576668,72.3288087307934,50588
f,b,241.46478873239437,201.82763728247468,124.92521325133902,71
f,c,252.32724252491695,261.70432228286774,141.92656813942452,602
f,d,181.89093484419263,253.5837618187173,157.77155341909491,706
f,e,199.24230017795145,216.2779529455155,82.97900977976418,80359
f,f,168.54960330470132,82.84386940316058,35.33241106253235,76255
f,g,223.40832049306624,254.4515670857442,177.40537653044507,649
f,h,199.23233908948194,215.76915808676108,108.27561987239044,637
f,i,158.93179279483016,148.30362509125996,72.17426615025795,145923
f,j,401.44444444444446,2285.876998241669,481.7695473251029,108
f,k,274.6639344262295,355.96739591286644,203.46036011824776,122
f,l,179.4783494354557,157.72085418568082,90.88895298020746,17182
f,m,292.9777975133215,434.6311646492797,178.8241058273838,1126
f,n,257.6743648960739,676.618629761086,153.93638560128858,866
f,o,142.70620786187172,117.62008970356912,58.79091339208574,230047
f,p,261.91629297458894,280.9745638976861,157.79418671421325,669
f,q,268.96153846153845,142.17186241144364,93.18343195266272,26
f,r,221.41385948026948,156.40555273533607,74.55181456261684,73769
f,s,271.12806101967084,232.62300900100274,134.57868543537145,2491
f,t,249.73486494877366,157.8163167653367,82.73779715311746,41873
f,u,180.82207119380536,164.48113228808896,90.63108131857942,35902
f,v,232.7405063291139,203.09155728828367,133.1469315814773,158
f,w,297.49958506224067,208.30204488151568,140.62020144281263,1205
f,x,386.9230769230769,224.31726158758678,167.5147928994083,26
f,y,256.06820474029246,216.7930449125051,129.2413042695997,7932
f,z,200.14285714285714,111.50567915364888,80.6938775510204,14
g, ,151.6447801443092,165.23822620993647,70.25701283321278,356734
g,a,173.5693567462465,142.70227643113802,72.73435811547444,99774
g,b,298.2030303030303,494.92568413604965,218.7011019283747,330
g,c,583.5189873417721,1369.5818083499298,456.8437750360518,79
g,d,381.38505747126436,586.3714297345418,227.33617386708943,348
g,e,173.0801519064973,143.42673440346607,69.31228330824936,169578
g,f,352.791639451339,333.9099136199997,239.56664466686948,1531
g,g,178.24304815998107,142.10806071648807,52.80503663143296,8451
g,h,139.38325050135148,235.81768719842813,59.32768503610909,91752
g,i,174.28238483405184,176.65832968546536,85.36895159021628,53119
g,j,276.2687074829932,355.66467013746137,199.01672914063585,294
g,k,244.15771812080536,409.52888095245424,166.55502004414214,298
g,l,203.40422175480768,480.9341481565865,107.54997194730316,13312
g,m,326.65762004175366,294.1189589751628,186.53033241661257,479
g,n,210.88493628905567,221.0757269682317,118.1270112643744,28645
g,o,147.73743737242532,149.0066636779396,69.73079717516984,107780
g,p,270.71734475374734,242.22895869903647,164.42084653513018,467
g,q,268.3720930232558,173.45755941135434,108.87398593834504,43
g,r,236.3467336683417,191.12637110847876,84.20735545116226,59302
g,s,214.0808332663074,185.79255640539145,106.57820857461883,12433
g,t,312.56955056179777,479.95476618861244,151.1404053528595,8900
g,u,197.22243361733808,200.95450619603375,107.76750309716955,24178
g,v,296.4895833333333,516.7129089324335,186.3132595486111,192
g,w,308.0628571428571,358.26073254635384,183.27196734693877,350
g,x,298.25,113.15881170579102,94.25,4
g,y,214.71555478139697,188.19639479571373,99.77563694812973,5741
g,z,362.54545454545456,209.19721013262276,171.96694214876032,11
h, ,167.7793894942353,157.77278064133108,74.73138016307912,189515
h,a,128.90756344397704,139.92277243035662,56.68039568035947,481606
h,b,375.51571164510165,303.32580224258453,201.12306231016018,1082
h,c,191.3023516237402,182.90637535560995,108.30035651182708,1786
h,d,258.932502596054,408.84245934348064,151.49483754578816,963
h,e,133.53726035164692,136.56216189921764,58.158499056434735,1075795
h,f,356.5692307692308,458.65774743099405,277.2144378698225,130
h,g,138.20719178082192,187.3944464036252,110.62369816100582,1168
h,h,283.83262531860663,639.4621039092495,252.64600538933354,1177
h,i,149.6439130009297,132.80045152243346,69.4589153704743,408740
h,j,92.20262390670554,164.30608269514343,91.24500845736046,686
h,k,309.8146551724138,313.660147998283,189.50137485136744,232
h,l,299.50925602514843,346.023555578121,149.83378157905878,2863
h,m,384.32253258845435,336.79974364592704,188.542877771189,2685
h,n,252.14353956391093,201.30195307713015,104.34811908580079,12979
h,o,177.4093412008989,180.98061639090915,84.63300942150032,228279
h,p,312.35518731988475,307.69686799805424,166.91501154398762,1388
h,q,202.2325581395349,190.75445716285785,111.74851270957272,86
h,r,242.04115432873274,241.91684753781985,138.74170258922658,27895
h,s,212.52133754238278,214.32160969032105,106.15783908121584,8553
h,t,151.55875043875045,144.0083849019218,70.59206524186068,71225
h,u,230.59873456790123,196.79957657517517,108.63549916742872,32400
h,v,185.49403578528828,128.75159011236096,79.00332135747476,3018
h,w,234.01682905225863,273.4114101223628,136.9603817859303,3387
h,x,67.0,0.0,0.0,1
h,y,244.16828478964402,195.0217161518196,113.84559416502331,5253
h,z,263.125,320.0156670757122,212.69791666666666,24
i, ,183.1232465926253,195.32170157173428,80.05252339964323,321802
i,a,202.79681737022509,204.99299472248663,105.04054237154016,76729
i,b,280.63060711064696,274.05067089258813,164.7329001473843,21067
i,c,214.5201647709269,221.59456893730732,117.45991061526885,183042
i,d,195.5060635078179,210.71684616609207,108.8292583756231,143069
i,e,192.0088633093525,191.533682382294,103.84778445220967,121625
i,f,207.82824559997863,238.83962877369905,118.32114009922846,112329
i,g,231.12593994525676,232.43118817659203,134.1078008120433,98277
i,h,282.2306108442004,473.649933864608,163.34091936512363,4371
i,i,273.2255787227056,502.74084312458746,176.27250397375695,6091
i,j,443.02514506769825,419.5782940059191,276.3939541095968,2585
i,k,220.77017571632103,179.98591519966524,75.14466569011823,31585
i,l,205.23742466818655,181.15241719173426,68.9226299188827,282915
i,m,199.6634404536862,160.90808725804328,85.76127435793896,119025
i,n,158.472848205453,143.0699398628505,68.41516516903448,1019951
i,o,143.74671083979393,143.01014891184252,67.61852987832252,178389
i,p,268.401657416559,257.67422752464313,137.48993505596243,26306
i,q,457.0674603174603,483.3741711011089,272.99127614008563,1008
i,r,187.5086887835703,186.33094427041843,99.65219919558125,87354
i,s,152.008044811897,140.36174691250793,70.965960075861,605732
i,t,191.15454693909868,186.95980116693266,95.52038526346415,404162
i,u,253.70981398332265,279.2620006808637,169.16668863488334,7795
i,v,229.74024252433935,214.30877476148348,128.52971918324863,92032
i,w,297.22620874904067,382.719101471738,190.3289500615205,5212
i,x,317.8563423331635,292.7583159732598,189.3505317554586,9815
i,y,320.3028495692512,289.2699933342533,180.5691382959148,1509
i,z,385.1911434977578,395.1299821227026,256.4544942965875,7136
j, ,206.2431693989071,244.6699934994583,98.23734161465953,1098
j,a,221.01901098288454,208.05221176663517,100.20056576888362,17937
j,b,272.56976744186045,289.5019878301224,162.598972417523,86
j,c,259.3965517241379,231.76916371911662,165.98810939357907,58
j,d,163.51937984496124,133.47384462737412,90.21813592933117,129
j,e,198.0857898215466,170.91244685038976,97.4357873796124,15130
j,f,206.0,230.82100957568497,158.57575757575756,66
j,g,178.10084033613447,155.92981879396373,102.99272650236566,119
j,h,221.77433628318585,324.06403853158923,205.62379591197433,452
j,i,261.45359160613395,224.35007242369238,132.50706404685147,7434
j,j,190.05494505494505,231.75472087190028,107.72684458398744,273
j,k,190.2948717948718,449.15477924148524,184.95660749506902,156
j,l,243.41538461538462,349.10933816504667,165.57136094674559,130
j,m,177.04918032786884,150.4030949634985,115.78052494849055,183
j,n,233.0,462.57476233868204,159.13304721030042,466
j,o,215.64209339960698,212.37742209735785,109.10110086677007,34604
j,p,262.1539923954373,252.01822506513864,155.70919053333145,526
j,q,212.71428571428572,91.26283340936091,70.81632653061224,7
j,r,258.43682310469313,216.6871462818776,133.25454521758397,277
j,s,197.41966426858514,152.62897097903803,79.59167054845334,834
j,t,165.2828282828283,140.04712337262333,89.44325408971875,297
j,u,211.30866670713692,146.6904917169244,66.97376097476211,49419
j,v,246.47619047619048,371.2811090060493,216.29478458049886,21
j,w,243.96666666666667,253.3159724946375,148.82111111111115,60
j,x,232.0,0.0,0.0,1
j,y,268.91379310344826,144.43595110117255,95.01248513674196,174
j,z,236.2,126.71898042519123,88.32,5
k, ,182.5892421208547,152.86410197362423,79.02958568177982,182285
k,a,210.90569377519913,361.1768761881501,106.49835407727991,10169
k,b,361.9266712141883,280.5883211187636,172.4152720882058,2932
k,c,141.6268829663963,182.14724626760457,86.83812833240913,863
k,d,267.46991084695395,237.5376991439387,144.9180230234761,2692
k,e,160.39379881297864,153.09793999545943,73.91146532729202,145069
k,f,342.97238999137187,603.569990358375,178.87261265513322,1159
k,g,263.03921568627453,252.2769039197821,164.87489427143407,255
k,h,554.0267857142857,2542.472508943905,604.7433035714286,112
k,i,203.8382730234681,132.14293699012217,54.588008365205596,63533
k,j,116.6706827309237,135.68807617496924,101.24775406848278,249
k,k,181.62384918895222,153.21641222410335,64.2539307905633,2281
k,l,249.40202326757714,197.79822505482045,115.37786460328168,9885
k,m,293.9026369168357,393.0074662776056,211.47388386703918,493
k,n,160.04896409474887,180.1528869438913,70.60095905464746,76117
k,o,256.7704081632653,205.27636151203023,121.02573882259205,4508
k,p,249.26694915254237,210.52435228018908,151.36760270037348,236
k,q,183.0,42.19597137168429,33.2,5
k,r,204.89354838709679,172.67700746836178,118.90471383975026,620
k,s,192.68087442407608,169.69875269200543,98.60137610271177,51005
k,t,327.39794168096057,927.417557471503,240.34733104042792,583
k,u,322.58921978833376,254.40826265724655,160.21995825167832,4063
k,v,502.7,697.091323948341,367.62249999999995,80
k,w,276.97520661157023,264.9699451782848,164.29140769073152,484
k,x,660.4166666666666,1474.7641079991145,801.0277777777777,12
k,y,290.04761904761904,222.68452669818683,128.84514835535242,5439
k,z,208.25,93.35371801201421,67.875,4
l, ,167.2940602940603,184.9334671647789,76.95774217572803,410256
l,a,158.15329841064204,144.04276023705813,73.62192520379944,213042
l,b,280.90330697340045,336.5630454510921,163.63595177171106,2782
l,c,272.0172767203514,461.70404108327665,152.6854234076259,3415
l,d,167.6216791676748,190.6775918094156,90.98361752199762,144655
l,e,161.63113590094912,157.43209333237365,80.5504751831077,360542
l,f,229.33601186796884,250.32746819971632,132.7194393390957,8089
l,g,368.8327828241123,350.8785499664182,222.52663139498173,2422
l,h,389.88188976377955,984.787067132895,334.8335710004754,381
l,i,196.58649791004535,165.18002210140997,78.76393081061109,213641
l,j,373.20512820512823,375.02949571197496,247.95792241946089,195
l,k,182.1242536500327,222.59084506683638,103.44688019675841,22945
l,l,157.3286461544581,79.10000861970966,30.858327581361095,402232
l,m,278.1894943544428,224.2859014314119,131.93833606989404,10185
l,n,306.25407810182895,362.44215978667427,158.042004833686,2023
l,o,218.09167238987868,161.89084991241558,70.9639772378491,148518
l,p,220.49673049976647,191.505446877165,97.20924280647775,17128
l,q,331.3191489361702,319.0040279412443,222.40561339972842,47
l,r,259.1361227336123,257.4387616882086,150.89041640649774,7170
l,s,184.46371837781817,159.57653093558022,85.25006668108712,58859
l,t,263.1577340769005,261.2668577792602,153.1621706962366,17035
l,u,257.14991029091374,214.69122043007127,120.95151386361866,31212
l,v,267.963963963964,260.86385012105967,169.43649308091875,7104
l,w,256.5956216439488,235.38608412325507,146.88529067479058,4842
l,x,383.5869565217391,321.6619050484845,205.33081285444234,46
l,y,232.22805017103764,197.8914538657164,111.84242120904237,117518
l,z,332.9,320.72445100021264,213.45199999999997,50
m, ,178.11996678111964,144.83598118696565,76.34031219886069,205907
m,a,161.3458979928022,169.22377130423087,70.28928844183287,190614
m,b,291.3877228685114,264.9434497798344,154.78126844637637,32923
m,c,359.66993235362725,283.6023386778842,180.05002968435338,4287
m,d,215.59947643979058,179.86267240728367,112.32322304761382,1146
m,e,144.81797974056556,148.3524756427852,64.90521120925526,394088
m,f,343.2615780445969,675.3585938082383,212.62998067016,1166
m,g,273.3107932379714,318.01615836260356,174.99178674278485,769
m,h,410.1578947368421,1580.1993499300504,309.5584487534627,190
m,i,191.33744859272588,144.65865211292027,72.69758624259197,124496
m,j,320.00995024875624,417.67628601645265,197.76639192099208,201
m,k,253.7956081081081,213.074624760245,136.24413919831994,592
m,l,317.8731707317073,306.4449599777039,158.76411064842358,1640
m,m,181.0108217788299,142.76469240380058,59.36437088517883,23656
m,n,331.4037502967007,660.3573078504668,197.3968577699861,4213
m,o,180.59829808070393,156.7350732945652,78.70548459745609,134789
m,p,261.0877338068251,289.88452647231094,140.8882528287853,41113
m,q,304.6842105263158,265.10984151889846,177.67313019390582,19
m,r,275.45079787234044,304.3746524786984,158.43591645682437,3008
m,s,193.23500913350807,203.9029584713547,92.46939594973755,25182
m,t,256.02276422764226,320.6395847051188,142.48471544715449,2460
m,u,249.67646096459657,177.45562552277343,90.40651889158123,30562
m,v,424.7009708737864,362.54103917109006,242.1120633424451,1545
m,w,278.1129893238434,295.83525392094793,173.3830878534973,1124
m,x,448.59322033898303,281.9068150418446,208.0057454754381,59
m,y,242.5306187880731,172.464964274661,90.1243438893538,49904
m,z,433.6363636363636,309.42956314071625,256.44628099173553,11
n, ,163.69962689116977,155.92000345431074,69.46585715628008,804859
n,a,199.0026132060587,243.37691294773364,106.74196156317221,101408
n,b,335.52957486136785,325.08612544042,221.39467799413015,2164
n,c,235.89536568953915,280.51239043242276,136.22614585256355,115918
n,d,174.93944843632383,196.85876283881632,98.68234386686443,365325
n,e,165.50996873935864,162.65988398269502,84.88819702838629,325969
n,f,264.161859995751,282.424390181727,157.77880524489265,37656
n,g,155.6497253912495,168.50503678685368,83.2406585900728,459745
n,h,357.4256640220766,384.3194511806053,201.0622373263086,2899
n,i,198.17681280736633,214.35932465672238,94.08305036568778,143355
n,j,352.2551158301158,312.8226051742871,180.35347076668504,10360
n,k,189.18106594637328,187.61094246083607,102.84179171520445,75895
n,l,224.26465063861758,191.27345359609143,99.85074356739622,15972
n,m,270.50405594405595,278.8289463720934,157.1286934715634,3575
n,n,180.30202315362138,162.5840547280292,62.68811558557398,44831
n,o,162.6367566367107,152.663552323364,72.10983664601986,261161
n,p,364.2575068243858,379.267682005006,219.9719705481284,1099
n,q,464.72222222222223,587.0215719551011,292.3805114638448,1008
n,r,284.18953939279294,277.7875811386664,160.15635040040718,10573
n,s,226.04450311013284,232.9440878001691,130.3416006265104,143563
n,t,197.02547539754843,212.72575767488638,105.85163990837863,328199
n,u,254.46781556318342,242.55687283354547,120.61134287931974,28259
n,v,300.345494680688,290.94026940453983,179.44589643807066,32617
n,w,285.4071642910728,346.9176390078737,166.1223416319196,5332
n,x,435.04893449092344,372.8110488870257,245.11052526990468,1267
n,y,249.36571183381173,203.2856335508648,99.99913831693023,67586
n,z,420.80582524271847,332.76384531133914,221.45829013102087,206
o, ,149.5538363829122,164.03473991852277,63.093846715920016,604619
o,a,213.01404395049255,245.2906980055042,120.26647976821782,19795
o,b,283.8377908996179,329.0595709018761,155.38053024916874,46064
o,c,253.27101305604185,271.70212042467625,145.63918428238398,47411
o,d,202.31653675473086,208.50048971588888,112.76634260519809,86982
o,e,214.1264097744361,218.0103410942854,122.819502691247,34048
o,f,156.54689109069278,148.60298500226872,77.99961105281398,200038
o,g,309.78936780379235,356.4415821843745,183.8459649165819,23363
o,h,307.61815517507324,304.00205239202444,184.77987344730008,12966
o,i,188.31360525256278,187.19929154152823,101.12677121153621,64578
o,j,353.1910538286581,308.0988800278725,199.68201666780666,2638
o,k,220.5140922001311,183.82765731900628,100.85096061739267,41193
o,l,239.09596667987194,185.9132734488047,84.33010790038657,93397
o,m,185.6974628793416,194.86336512217568,89.59122717658681,199754
o,n,168.7026188229364,148.50209170264026,77.96249261336659,682444
o,o,170.13429037231572,148.5495005387645,45.043322703582064,135557
o,p,213.11173745173744,192.95642470660638,101.35027918571792,90650
o,q,334.361216730038,299.32546740409816,217.07724558689586,263
o,r,169.58195018023568,167.35168413690877,86.34500882717023,495185
o,s,183.82617493851785,179.21438206192678,99.063528463424,103282
o,t,178.88967794277733,162.84113364205106,90.61703663954346,194748
o,u,141.36945070175972,137.67193084639723,67.01454474517388,691191
o,v,226.65256674663635,217.5141820988901,134.63634667046617,71277
o,w,169.68300196980766,169.88845022711325,91.4981375642484,234033
o,x,377.8863991662324,361.5287702781065,229.335235994733,1919
o,y,288.927924466158,258.2172628407847,161.78331311576642,18217
o,z,345.6366525423729,377.9398729746795,224.0034831944843,944
p, ,199.0137976510401,176.43890874406972,86.55426818713171,80376
p,a,181.7768839651877,182.6355105590962,89.55139957056166,107778
p,b,357.09324758842445,362.17897151252544,203.21634391703975,311
p,c,295.17210682492583,257.9304939824202,159.93891819070345,674
p,d,270.9560017086715,229.82821573315104,150.96545633335222,2341
p,e,190.6430608195611,180.53528761736678,94.86941565896241,168334
p,f,269.1862068965517,323.65942965871363,170.26846611177172,580
p,g,400.52905198776756,271.3883797229859,192.86158104910734,1962
p,h,289.40875472996214,247.0163367628607,153.4353136072744,11628
p,i,269.3791739460065,237.79231548420407,128.7055924980609,30337
p,j,405.29801324503313,284.01166160803996,211.80939432481037,151
p,k,315.5799011532125,305.8287066532367,175.8318139009741,607
p,l,211.6827357580876,183.60331329080202,82.86805808181099,158669
p,m,301.06107360977177,314.77349254041553,140.44159016148907,9333
p,n,298.4881836596894,799.685920628105,161.31452232441444,1481
p,o,225.11822827648953,204.23606738156343,108.15037307338712,117603
p,p,177.79767087100495,129.55526472880032,51.87124565094391,53754
p,q,396.5769230769231,470.24820451135577,278.45857988165676,26
p,r,202.2299700409532,200.89222962736187,107.07637852273756,145532
p,s,248.56554534419976,221.3807976136226,134.30808886470376,11534
p,t,264.8208679593721,248.12166814046813,141.4808033837814,25992
p,u,245.31696561785085,211.62801743989365,121.9219155421006,30161
p,v,272.390625,222.66687927039294,156.831298828125,128
p,w,265.66163349347977,305.59512757144336,155.2082423196374,1457
p,x,134.5,115.49124576391608,80.85,80
p,y,258.53526119402983,246.23457478828396,137.81075810314098,5360
p,z,232.54545454545453,108.15577990691355,87.05785123966942,11
q, ,247.14007092198582,192.63881331307866,119.50002514964036,1128
q,a,257.2173913043478,242.76336246094985,168.2147808083536,483
q,b,378.3734793187348,247.3944178439114,169.54015782525556,822
q,c,249.5625,136.65234172892906,95.453125,16
q,d,223.33333333333334,139.8323826518566,99.37777777777775,15
q,e,351.88075880758805,484.190530100035,222.1474724774348,369
q,f,128.0,147.07821048680188,104.0,2
q,g,322.1875,237.40857012051328,164.03125,16
q,h,220.4921875,197.07163236990993,124.0135498046875,128
q,i,305.27133105802045,735.5784279663908,218.5988770981607,586
q,j,236.5,158.51403723329994,129.83333333333334,6
q,k,159.6,107.0176571756662,64.67999999999999,20
q,l,200.88,194.17051626793167,132.5776,50
q,m,149.47368421052633,97.72715329542793,79.01939058171746,19
q,n,169.9205298013245,248.32705647133474,107.49800447348797,151
q,o,210.60902255639098,236.3821285773083,137.66244558765334,266
q,p,267.40625,154.63877979905925,116.60546875,32
q,q,206.0,272.7629414385727,131.9120879120879,91
q,r,332.0833333333333,341.71538246096236,239.85714285714286,84
q,s,1034.888888888889,5476.672597241297,1611.2098765432102,45
q,t,177.08080808080808,160.7289946772286,98.20712172227321,99
q,u,211.32586022992137,210.35647098346706,115.15480056402643,50626
q,v,327.7142857142857,220.90619043735506,168.9387755102041,28
q,w,184.19345238095238,254.4471468186761,158.85202310090702,336
q,y,314.6931818181818,286.3791455179218,195.2019111570248,440
r, ,160.60111911236478,188.15627517921746,75.97808360871977,522557
r,a,203.3575356565211,210.51646068213088,97.15757967679102,170025
r,b,421.2979971387697,444.68239468918676,236.83058143556804,6990
r,c,354.35605569528354,260.24891639895986,155.39666800077,38567
r,d,281.4416363104576,209.6854525130863,119.39555098040461,75218
r,e,148.83076323730413,137.2261834878286,68.47359243169184,757235
r,f,360.2474787898191,331.56858338503497,179.13941144766935,6247
r,g,325.43515034765073,267.2532705851799,154.06446589815093,33223
r,h,273.7692750287687,382.9713951144378,168.81089705815492,5214
r,i,192.24530019290543,208.3996844047277,100.19133382515554,193359
r,j,356.11574074074076,384.3138527103399,227.76596793552818,432
r,k,194.32775180485322,194.54246512160236,111.24869164292325,62886
r,l,251.73995426331265,246.39330696856044,144.4444929695464,27549
r,m,216.44271375015117,206.48216742044116,119.95230314406466,41345
r,n,232.44145970603142,265.4414895945053,134.09600695522946,67082
r,o,169.88595710827295,178.70243736568028,89.96784965587206,233798
r,p,300.43454022988504,311.12661069986603,172.77401893248776,17400
r,q,352.65315315315314,294.6066653993167,199.22774125476832,222
r,r,181.4973222979552,148.8138496394952,52.549360836343304,73944
r,s,250.1350041748224,212.2016927425304,112.37938101118709,146114
r,t,244.33967937363244,218.96297516083283,94.69558514564767,134362
r,u,203.47982107855455,192.98481065130125,111.03954328707,39794
r,v,338.78459457308827,249.15815922728015,147.94074309959936,12567
r,w,325.93650311408175,294.719726774936,160.94933638029212,13166
r,x,437.28915662650604,227.75481736333677,174.87530846276672,83
r,y,198.11656982007935,191.7144150351851,101.3403860841183,121498
r,z,371.04545454545456,305.8851827672805,175.3832644628099,88
s, ,161.61697387299142,177.16336086158262,70.6793935839601,1186282
s,a,206.89517306088408,213.7759552489052,90.77768000471298,134288
s,b,379.13916163141994,360.0039650494783,203.54003919620123,5296
s,c,307.93622122326656,309.425860534208,157.9728013101286,36705
s,d,313.75263423787527,275.9321906312426,163.43370697799685,27712
s,e,184.93332152581195,153.21776344783513,76.95692562278869,333121
s,f,410.04324324324324,390.14095894710306,217.90147942537132,2775
s,g,438.28681909885677,563.5991400786369,240.04707125506917,2974
s,h,168.17743792007084,165.75091409823688,86.50099370729458,124235
s,i,181.65273245608867,195.64043794714104,94.061248384413,169774
s,j,327.05426356589146,399.976899761497,216.33627786791658,645
s,k,228.4244383080206,226.4440889223606,131.37299743675624,15934
s,l,195.08895161290323,219.59728424153965,111.00500496878252,12400
s,m,268.0932777488275,285.88393289875324,156.86350314360033,7676
s,n,263.10340579072425,362.0999191700935,181.40781330414714,22726
s,o,161.54743335608055,175.71204108843688,82.10794920245674,184638
s,p,242.23235189150606,255.78344886035492,141.50144140567485,56040
s,q,471.85593220338984,707.0004808497469,332.9182706118932,118
s,r,355.3174360096259,347.2337121499986,195.87250316968365,4571
s,s,180.69728119180633,155.12008486365428,44.379599173004024,134250
s,t,208.91135985478746,179.20458683311662,95.8277655184917,416493
s,u,202.26537564999103,247.57088226378045,110.59382726623589,111540
s,v,437.79964850615113,414.50344287449036,257.49266279755744,569
s,w,315.4087485315458,350.62794841085133,149.2929769427598,14471
s,x,312.89531680440774,310.02738259939633,214.8628584872011,363
s,y,242.97160778033563,226.4731539162103,124.92690592876689,29973
s,z,289.6910569105691,458.2018871039219,250.59118249719077,123
t, ,156.1011489959884,159.20399270988088,71.2088309944175,1167367
t,a,185.35253317108558,154.77307187272058,79.13854796908598,213665
t,b,332.4624681933842,254.01832647762743,154.7240235854554,6288
t,c,317.049411120241,413.05309234533286,134.62664550205963,18255
t,d,355.7872648335745,391.70352568206533,165.1821705994584,1382
t,e,180.48741079033866,156.84042831635875,76.83703324110907,415594
t,f,440.02964743589746,405.9144851920521,230.68923354289944,1248
t,g,257.87676292813967,267.9933267234251,150.22101612857392,2978
t,h,125.4696125203497,115.37521030638727,53.91487220827325,1307759
t,i,161.32188823479314,173.16504195986468,85.34388890107181,387473
t,j,267.3948576675849,436.6598575024592,171.06501613513885,2178
t,k,286.7294685990338,452.5957873291754,163.07563770449718,1656
t,l,229.68932999592525,265.18768714473293,130.79294494910255,34358
t,m,282.78035143769966,300.90209466113623,144.54547452510485,10016
t,n,265.80507833603457,281.58973323764803,162.28082518217698,9255
t,o,126.79540617827051,136.95400311117996,58.084834420902986,574206
t,p,356.0554075652637,401.6726720514767,210.6116967805228,5631
t,q,344.1592356687898,505.3417923005831,217.3884538926528,157
t,r,232.4685969288097,203.93508670043258,96.95440423172931,133108
t,s,229.13941645500842,189.68378746983186,104.4932824910718,79137
t,t,177.31784375486544,165.77350514469944,49.08936711321587,83497
t,u,220.73462206165252,223.07325958828827,121.48934939409179,63939
t,v,406.0439189189189,285.49747260967325,198.375878834916,592
t,w,271.1661831608097,221.24373275040634,136.80297468735685,30334
t,x,447.1943820224719,293.2407138834306,221.10260573159957,890
t,y,191.81658815813012,170.01496872471586,88.94028385941238,50313
t,z,339.9622641509434,188.4632143523128,151.9181203275187,53
u, ,154.1863411081666,173.20965455930363,78.72720233502578,247165
u,a,224.02095662864167,211.0789178799892,118.45426170370492,34977
u,b,298.70639269406394,436.1938278192205,166.80303246387692,13140
u,c,209.8635299625468,214.9652923370574,116.58803082299204,38448
u,d,251.83868696170305,260.1041586108151,148.16554183514677,18461
u,e,196.3305853472833,192.79209188531254,105.31399861168434,76177
u,f,235.70714079213644,191.45933278918073,123.02663999148828,6918
u,g,220.7855091719527,225.56908770660388,131.1780374830902,46664
u,h,319.95766129032256,541.1174298183053,182.12029027922298,1488
u,i,209.79938654787117,233.24888037946204,120.58280978399961,27386
u,j,286.9432432432432,1025.433336660776,230.32785975164347,370
u,k,298.7329192546584,201.37179039278817,124.51925355613483,2254
u,l,216.2365152895748,167.42078722279533,82.28667774081076,156937
u,m,254.53491985606803,174.77634469230705,88.72110032862685,36684
u,n,216.250557846571,156.0098145933467,74.26828957652997,141616
u,o,225.60537459283387,237.7035701571536,123.61777032117051,6140
u,p,217.94901974521548,215.93776812694313,106.81367002161828,85641
u,q,222.208,443.68508695593636,164.10150399999998,125
u,r,189.82297295077927,188.96819683352322,103.21533644935145,243556
u,s,170.00114919378726,164.56067120738618,87.96606302202838,168814
u,t,176.12888866628685,151.88347085178842,83.68429079081946,159727
u,u,289.2617586912065,435.8800427341571,229.48716340262877,1467
u,v,398.6607245543416,322.4658391087494,210.4374567022946,1739
u,w,286.55744680851063,774.5038275363602,190.52850460238417,705
u,x,390.95283018867923,592.7977633476772,281.78141687433254,106
u,y,223.8972864321608,200.30690569891476,115.0825642180753,9950
u,z,302.5833333333333,325.11823272192373,191.09375,48
v, ,254.8530612244898,428.4871735826267,129.4911351039631,3185
v,a,197.5041200706298,183.1656929859654,87.94727474747404,50970
v,b,136.9581497797357,242.1371831488005,140.19558889169207,454
v,c,190.83823529411765,244.69857267224106,178.12822428436615,748
v,d,334.99118942731275,397.85016291867936,199.19447301519534,227
v,e,162.07984938283641,117.66947589098832,61.80433069537755,430761
v,f,220.08,282.42587943341414,160.7976,100
v,g,349.51724137931035,820.8529419628699,398.922711058264,58
v,h,180.39583333333334,169.26518299376588,80.46723090277777,576
v,i,188.63912283489591,210.75715322515322,93.97027605597765,88102
v,j,296.6756756756757,240.62869668780087,185.76040905770634,37
v,k,317.0218531468532,272.83388921754994,174.94534879456208,1144
v,l,211.0031007751938,163.14221543612325,98.7685331410372,1290
v,m,264.8484848484849,238.2043881546487,153.68135904499545,66
v,n,263.7790055248619,287.5574935378016,152.8583834437288,724
v,o,183.65959166461678,176.5792721932669,96.0578380228396,28457
v,p,258.16494845360825,204.1500510456081,147.9290041449676,97
v,q,245.7391304347826,142.34536023709262,88.11720226843099,23
v,r,346.36796193497224,369.5706295295163,180.33584488224483,1261
v,s,302.2040816326531,272.44711593867623,134.12235642556342,441
v,t,317.76291079812205,194.41238797367046,116.83188961625778,426
v,u,264.47121034077554,263.5770543540259,150.41066223327502,851
v,v,195.29291716686674,234.14209332291904,121.1653938886479,833
v,w,295.362660944206,506.0491236095784,181.25132163053289,466
v,x,437.6666666666667,229.26912860944304,170.44444444444443,3
v,y,248.02483527622908,196.9055021228799,123.88832461751127,1973
v,z,209.57142857142858,79.29030445743275,51.34693877551019,7
w, ,163.15893363584797,185.5246435941649,71.50083031786085,149855
w,a,176.6878127752545,127.29368696984668,68.24564689531488,203221
w,b,340.8390243902439,379.6434839954716,200.25694229625225,205
w,c,337.95,208.0572248325721,144.700625,160
w,d,341.1764705882353,277.87551493941123,163.96793540945788,510
w,e,193.1477491023937,166.80836907695831,91.03303535144629,337843
w,f,339.9736842105263,269.5111611138067,179.1502770083102,76
w,g,364.82474226804123,410.69450875759253,250.54791511673218,291
w,h,181.84935709451838,238.56041523578065,92.40237849376196,110825
w,i,144.6194486805335,135.83075587424565,69.55817442541492,258362
w,j,332.0148367952522,317.75904751747737,215.14323450941717,337
w,k,325.8825354609929,258.42731751003237,167.84718017516724,2256
w,l,271.9593532116897,659.599954839859,156.51815690740278,6741
w,m,337.117973629424,294.6635015201463,185.45546816946555,1441
w,n,182.25822902178953,159.51182050908767,83.4286111793518,34512
w,o,144.76647034930951,144.65168176559948,69.77477799541937,147720
w,p,277.33651226158037,364.7141845340956,178.2334563327369,734
w,q,174.74580335731414,256.1524817029619,136.45983357199134,417
w,r,268.26803164262446,218.3948227641759,136.28357781164857,6447
w,s,287.1317167263709,337.2190005582687,112.7016624067429,10887
w,t,258.9969656102495,288.70562271002177,123.55555954674442,2966
w,u,215.35540838852097,201.11476285412584,113.20816988208772,2718
w,v,356.77833753148616,298.5333699335736,171.39173524354572,397
w,w,254.37862468931235,327.7998868601737,144.7112473564522,2414
w,x,612.9875776397515,2402.759819425304,444.99764669572943,161
w,y,345.4918851435705,914.8541517215957,199.6835619021791,1602
w,z,340.4642857142857,292.6043317750867,186.16326530612244,28
x, ,218.94363322342596,177.41925492357936,97.110454028619,12738
x,a,249.630014858841,248.47358509260698,106.34915847737724,1346
x,b,196.0,38.18376618407357,27.0,2
x,c,335.7332954760553,278.447634977766,173.44879552336792,5283
x,d,305.0120481927711,240.68380704779884,176.06154739439688,83
x,e,287.2173395102581,208.36109376979456,118.43220948867803,7555
x,f,411.25,429.38457545231364,260.7083333333333,12
x,g,265.93939393939394,157.98475784746202,101.31313131313132,33
x,h,231.45689655172413,172.8967057561323,114.26568073721761,232
x,i,256.6835843093512,243.12546267831854,144.12698346537172,5379
x,j,829.1428571428571,1040.9032021232697,861.6326530612243,7
x,k,191.44897959183675,128.60506518037118,88.93405525475497,147
x,l,291.9981768459435,280.79042174828214,174.99642598650996,1097
x,m,222.52380952380952,116.52451203400041,93.26530612244898,21
x,n,200.0,170.65820291513157,118.94736842105263,19
x,o,253.47359154929578,312.3758183001414,149.83808396151557,568
x,p,262.1165283334329,341.39413629270825,165.14959180086313,33494
x,q,344.0,0.0,0.0,1
x,r,383.7900552486188,250.63723796192482,158.33631452031378,362
x,s,325.1933701657459,314.20283816566115,210.65455877415218,181
x,t,254.8137759897733,196.50968053319292,100.57845681567878,26597
x,u,316.2060606060606,258.38343201720033,174.0291153963881,990
x,v,636.945054945055,421.73884395802634,314.06303586523364,91
x,w,377.53125,282.96064950212894,179.984375,64
x,x,201.8102766798419,228.5896970042842,114.12488868752831,253
x,y,250.2889733840304,177.3075780793418,113.44498257890098,263
x,z,165.13636363636363,269.11077995522936,171.80440771349865,66
y, ,176.283688318223,183.9171665242748,79.6936397808475,548521
y,a,198.74527292186943,457.87112615903976,111.2730869915933,8409
y,b,313.09697900665645,265.7723864611442,164.71310246501966,9765
y,c,361.9027097616716,320.3249477913037,194.29201759246914,3063
y,d,338.39038686987107,1021.7633886026458,211.41494813835453,1706
y,e,172.0982647509376,163.79110131832414,88.29220304105252,75724
y,f,467.3787878787879,588.2804613668557,323.4752066115703,132
y,g,312.8835978835979,597.9167532569097,196.86828476246464,189
y,h,195.45265729993892,458.49684615552184,128.83730500651362,1637
y,i,227.68927789934355,294.9447405564995,110.14049453364461,19194
y,j,270.7828947368421,255.63316841044912,120.963209833795,152
y,k,327.64925373134326,260.0094636063319,170.37803519714862,134
y,l,271.8702869338392,301.13157401511694,131.92392761460056,4217
y,m,324.4236157438292,260.5065359099097,150.83014322942745,4497
y,n,309.6593526488059,258.53022812268875,145.5255197436217,8249
y,o,144.5830725376031,132.20156280117186,62.389738923457436,329760
y,p,342.6570289132602,536.1697529768536,207.58876842387423,3009
y,q,354.0,494.7659619889562,246.55172413793105,29
y,r,354.40950495049503,468.9485755076292,256.7198299774531,2525
y,s,200.87080664729282,194.22978198840732,103.52762202029133,35443
y,t,225.4259571943595,315.34349408879046,117.9282541902569,21913
y,u,185.67475512021372,178.9110021693006,115.82616736670079,4492
y,v,455.6504424778761,589.7728428432075,307.95904142845944,226
y,w,286.538,397.9190775574718,172.32019466666668,1500
y,x,375.44,178.43838338952372,128.8224,25
y,y,221.9564846416382,265.4505101514001,142.65011531875737,1172
y,z,855.3333333333334,3446.341121600818,1214.4444444444443,30
z, ,260.61337209302326,200.874658702168,122.20129123850732,344
z,a,300.99449901768173,214.9015850678706,126.51363318807634,5090
z,b,328.7,321.8535299431127,234.84,20
z,c,310.2962962962963,253.47004295983908,198.0246913580247,27
z,d,444.0,449.95555336055133,284.27272727272725,22
z,e,291.25405405405405,240.20403964756224,134.61619098213689,8140
z,f,159.2,121.61085477867509,102.24,5
z,g,443.25,437.02613298187435,290.4583333333333,12
z,h,448.8438775510204,406.59579443767973,278.34284256559766,980
z,i,228.30046948356807,148.0838742758078,104.92270052238312,213
z,j,436.6666666666667,414.48264941571034,334.88888888888886,6
z,k,280.75,177.61475163960904,145.9375,16
z,l,169.06896551724137,167.0833690609235,89.75505350772889,29
z,m,405.36842105263156,390.680724076588,273.69529085872574,38
z,n,198.24137931034483,197.32110436190288,121.48870392390013,29
z,o,316.97975708502025,271.4406714004291,157.02133291809406,988
z,p,283.8961038961039,224.12775870351877,144.95867768595042,77
z,q,363.14285714285717,164.9650756689918,112.48979591836736,7
z,r,344.67123287671234,320.8281408581773,187.0380934509289,73
z,s,570.741798941799,408.72805621777053,292.2186254584138,945
z,t,313.4387755102041,253.76843330184906,159.6530612244898,294
z,u,248.15555555555557,223.41217061699658,135.88938271604937,45
z,v,286.09090909090907,204.4071694170508,175.73553719008262,11
z,w,420.40909090909093,241.1988518943017,184.59338842975208,110
z,x,239.04109589041096,259.2723492111124,191.61568774629384,73
z,y,226.72430589381392,218.64551133795052,126.97280991855146,2053
z,z,185.58333333333334,139.89685423397268,75.546875,96
